event_time_utc,event_type,trade_id,symbol,source,timeframe,session,direction,candle_time,entry_price,sl_price,tp1_price,tp2_price,notional_usd,leverage,margin_usd,signal_score,market_snapshot,exit_reason,exit_price,pnl,balance_after
2026-09-26T19:01:45.115594+00:00,close,397,SOLUSDT,ICT/SMC Scalp Pro v2,15m,,long,2026-09-26 16:45:00,121.64,120.91722292298881,122.72416561551678,123.80833123103356,15.0,1.0,15.0,,,sl_full,120.91722292298881,-0.0891,1011.406
2026-09-26T19:01:48.839301+00:00,close,398,PAXGUSDT,ICT/SMC Scalp Pro v2,15m,,short,2026-09-26 18:00:00,4277.41,4277.41,4276.7980167862315,4276.186033572462,15.0,1.0,15.0,,,sl_be,4277.41,-0.0,1011.406
2026-09-26T20:16:29.831717+00:00,open,399,ETHUSDT,ICT/SMC Scalp Pro v2,15m,نیویورک,short,2026-09-26 20:00:00,2681.98,2687.3730579321527,2673.8904131017707,2665.800826203542,150.0,10.0,15.0,4,"{""recent_bull_sweep"": false, ""recent_bear_sweep"": false, ""vol_spike"": true, ""strong_bull_rej"": false, ""strong_bear_rej"": true, ""htf_bullish"": false, ""htf_bearish"": true, ""discount_zone"": true, ""premium_zone"": false, ""rsi_value"": 36.6, ""rsi_bull_ok"": false, ""rsi_bear_ok"": true, ""trend_strong"": false, ""trend"": -1, ""bull_fvg_count"": 2, ""bear_fvg_count"": 2, ""bull_ob_count"": 1, ""bear_ob_count"": 3}",,,,1011.406
2026-09-26T20:46:33.287632+00:00,close,399,ETHUSDT,ICT/SMC Scalp Pro v2,15m,نیویورک,short,2026-09-26 20:00:00,2681.98,2687.3730579321527,2673.8904131017707,2665.800826203542,150.0,10.0,15.0,4,"{""recent_bull_sweep"": false, ""recent_bear_sweep"": false, ""vol_spike"": true, ""strong_bull_rej"": false, ""strong_bear_rej"": true, ""htf_bullish"": false, ""htf_bearish"": true, ""discount_zone"": true, ""premium_zone"": false, ""rsi_value"": 36.6, ""rsi_bull_ok"": false, ""rsi_bear_ok"": true, ""trend_strong"": false, ""trend"": -1, ""bull_fvg_count"": 2, ""bear_fvg_count"": 2, ""bull_ob_count"": 1, ""bear_ob_count"": 3}",tp1_partial,2673.8904131017707,0.2262,1011.6323
2026-09-26T21:01:43.112572+00:00,close,399,ETHUSDT,ICT/SMC Scalp Pro v2,15m,نیویورک,short,2026-09-26 20:00:00,2681.98,2681.98,2673.8904131017707,2665.800826203542,150.0,10.0,15.0,4,"{""recent_bull_sweep"": false, ""recent_bear_sweep"": false, ""vol_spike"": true, ""strong_bull_rej"": false, ""strong_bear_rej"": true, ""htf_bullish"": false, ""htf_bearish"": true, ""discount_zone"": true, ""premium_zone"": false, ""rsi_value"": 36.6, ""rsi_bull_ok"": false, ""rsi_bear_ok"": true, ""trend_strong"": false, ""trend"": -1, ""bull_fvg_count"": 2, ""bear_fvg_count"": 2, ""bull_ob_count"": 1, ""bear_ob_count"": 3}",tp2,2665.800826203542,0.4524,1012.0847
2026-09-26T21:46:45.342686+00:00,open,400,ETHUSDT,ICT/SMC Scalp Pro v2,15m,نیویورک,short,2026-09-26 21:30:00,2686.27,2695.912027276953,2671.8069590845707,2657.3439181691415,150.0,10.0,15.0,6,"{""recent_bull_sweep"": true, ""recent_bear_sweep"": true, ""vol_spike"": true, ""strong_bull_rej"": false, ""strong_bear_rej"": true, ""htf_bullish"": false, ""htf_bearish"": true, ""discount_zone"": true, ""premium_zone"": false, ""rsi_value"": 51.38, ""rsi_bull_ok"": false, ""rsi_bear_ok"": true, ""trend_strong"": true, ""trend"": -1, ""bull_fvg_count"": 3, ""bear_fvg_count"": 0, ""bull_ob_count"": 1, ""bear_ob_count"": 3}",,,,1012.0847
2026-09-26T23:46:28.225129+00:00,close,400,ETHUSDT,ICT/SMC Scalp Pro v2,15m,نیویورک,short,2026-09-26 21:30:00,2686.27,2695.912027276953,2671.8069590845707,2657.3439181691415,150.0,10.0,15.0,6,"{""recent_bull_sweep"": true, ""recent_bear_sweep"": true, ""vol_spike"": true, ""strong_bull_rej"": false, ""strong_bear_rej"": true, ""htf_bullish"": false, ""htf_bearish"": true, ""discount_zone"": true, ""premium_zone"": false, ""rsi_value"": 51.38, ""rsi_bull_ok"": false, ""rsi_bear_ok"": true, ""trend_strong"": true, ""trend"": -1, ""bull_fvg_count"": 3, ""bear_fvg_count"": 0, ""bull_ob_count"": 1, ""bear_ob_count"": 3}",sl_full,2695.912027276953,-0.5384,1011.5463
2026-09-27T01:16:25.861219+00:00,open,401,ETHUSDT,ICT/SMC Scalp Pro v2,15m,آسیا,long,2026-09-27 01:00:00,2695.45,2687.5416585550183,2707.312512167472,2719.1750243349443,150.0,10.0,15.0,3,"{""recent_bull_sweep"": false, ""recent_bear_sweep"": true, ""vol_spike"": false, ""strong_bull_rej"": true, ""strong_bear_rej"": false, ""htf_bullish"": true, ""htf_bearish"": false, ""discount_zone"": false, ""premium_zone"": true, ""rsi_value"": 58.96, ""rsi_bull_ok"": true, ""rsi_bear_ok"": false, ""trend_strong"": false, ""trend"": 1, ""bull_fvg_count"": 6, ""bear_fvg_count"": 0, ""bull_ob_count"": 1, ""bear_ob_count"": 2}",,,,1011.5463
2026-09-27T05:01:42.681922+00:00,close,387,DOGEUSDT,ICT/SMC Scalp Pro v2,15m,,long,2026-09-25 14:00:00,0.09715,0.0952768841908784,0.09995967371368239,0.1027693474273648,15.0,1.0,15.0,,,sl_full,0.0952768841908784,-0.2892,1011.2571
2026-09-27T05:46:24.470018+00:00,close,390,BTCUSDT,ICT/SMC Scalp Pro v2,15m,,long,2026-09-25 23:15:00,84097.04,83779.55207318123,84573.27189022815,85049.50378045629,15.0,1.0,15.0,,,tp1_partial,84573.27189022815,0.0425,1011.2996
2026-09-27T05:46:25.523163+00:00,close,401,ETHUSDT,ICT/SMC Scalp Pro v2,15m,آسیا,long,2026-09-27 01:00:00,2695.45,2687.5416585550183,2707.312512167472,2719.1750243349443,150.0,10.0,15.0,3,"{""recent_bull_sweep"": false, ""recent_bear_sweep"": true, ""vol_spike"": false, ""strong_bull_rej"": true, ""strong_bear_rej"": false, ""htf_bullish"": true, ""htf_bearish"": false, ""discount_zone"": false, ""premium_zone"": true, ""rsi_value"": 58.96, ""rsi_bull_ok"": true, ""rsi_bear_ok"": false, ""trend_strong"": false, ""trend"": 1, ""bull_fvg_count"": 6, ""bear_fvg_count"": 0, ""bull_ob_count"": 1, ""bear_ob_count"": 2}",tp1_partial,2707.312512167472,0.3301,1011.6296
2026-09-27T05:46:29.360352+00:00,open,402,DOGEUSDT,ICT/SMC Scalp Pro v2,15m,آسیا,short,2026-09-27 05:30:00,0.09632,0.0970265842684709,0.09526012359729366,0.09420024719458732,15.0,1.0,15.0,3,"{""recent_bull_sweep"": true, ""recent_bear_sweep"": false, ""vol_spike"": true, ""strong_bull_rej"": false, ""strong_bear_rej"": false, ""htf_bullish"": false, ""htf_bearish"": true, ""discount_zone"": true, ""premium_zone"": false, ""rsi_value"": 51.05, ""rsi_bull_ok"": true, ""rsi_bear_ok"": false, ""trend_strong"": true, ""trend"": -1, ""bull_fvg_count"": 2, ""bear_fvg_count"": 5, ""bull_ob_count"": 0, ""bear_ob_count"": 2}",,,,1011.6296
2026-09-27T06:31:30.972306+00:00,close,402,DOGEUSDT,ICT/SMC Scalp Pro v2,15m,آسیا,short,2026-09-27 05:30:00,0.09632,0.0970265842684709,0.09526012359729366,0.09420024719458732,15.0,1.0,15.0,3,"{""recent_bull_sweep"": true, ""recent_bear_sweep"": false, ""vol_spike"": true, ""strong_bull_rej"": false, ""strong_bear_rej"": false, ""htf_bullish"": false, ""htf_bearish"": true, ""discount_zone"": true, ""premium_zone"": false, ""rsi_value"": 51.05, ""rsi_bull_ok"": true, ""rsi_bear_ok"": false, ""trend_strong"": true, ""trend"": -1, ""bull_fvg_count"": 2, ""bear_fvg_count"": 5, ""bull_ob_count"": 0, ""bear_ob_count"": 2}",sl_full,0.0970265842684709,-0.11,1011.5196
2026-09-27T06:31:33.838429+00:00,open,403,PAXGUSDT,ICT/SMC Scalp Pro v2,15m,آسیا,short,2026-09-27 06:15:00,4280.0,4280.455511286759,4279.316733069862,4278.633466139722,15.0,1.0,15.0,3,"{""recent_bull_sweep"": false, ""recent_bear_sweep"": false, ""vol_spike"": true, ""strong_bull_rej"": true, ""strong_bear_rej"": false, ""htf_bullish"": false, ""htf_bearish"": true, ""discount_zone"": true, ""premium_zone"": false, ""rsi_value"": 58.56, ""rsi_bull_ok"": true, ""rsi_bear_ok"": false, ""trend_strong"": true, ""trend"": -1, ""bull_fvg_count"": 2, ""bear_fvg_count"": 1, ""bull_ob_count"": 0, ""bear_ob_count"": 1}",,,,1011.5196
2026-09-27T08:16:33.535213+00:00,close,401,ETHUSDT,ICT/SMC Scalp Pro v2,15m,آسیا,long,2026-09-27 01:00:00,2695.45,2695.45,2707.312512167472,2719.1750243349443,150.0,10.0,15.0,3,"{""recent_bull_sweep"": false, ""recent_bear_sweep"": true, ""vol_spike"": false, ""strong_bull_rej"": true, ""strong_bear_rej"": false, ""htf_bullish"": true, ""htf_bearish"": false, ""discount_zone"": false, ""premium_zone"": true, ""rsi_value"": 58.96, ""rsi_bull_ok"": true, ""rsi_bear_ok"": false, ""trend_strong"": false, ""trend"": 1, ""bull_fvg_count"": 6, ""bear_fvg_count"": 0, ""bull_ob_count"": 1, ""bear_ob_count"": 2}",tp2,2719.1750243349443,0.6601,1012.1797
2026-09-27T08:31:39.108362+00:00,close,403,PAXGUSDT,ICT/SMC Scalp Pro v2,15m,آسیا,short,2026-09-27 06:15:00,4280.0,4280.455511286759,4279.316733069862,4278.633466139722,15.0,1.0,15.0,3,"{""recent_bull_sweep"": false, ""recent_bear_sweep"": false, ""vol_spike"": true, ""strong_bull_rej"": true, ""strong_bear_rej"": false, ""htf_bullish"": false, ""htf_bearish"": true, ""discount_zone"": true, ""premium_zone"": false, ""rsi_value"": 58.56, ""rsi_bull_ok"": true, ""rsi_bear_ok"": false, ""trend_strong"": true, ""trend"": -1, ""bull_fvg_count"": 2, ""bear_fvg_count"": 1, ""bull_ob_count"": 0, ""bear_ob_count"": 1}",tp1_partial,4279.316733069862,0.0012,1012.1809
2026-09-27T08:46:32.699595+00:00,close,403,PAXGUSDT,ICT/SMC Scalp Pro v2,15m,آسیا,short,2026-09-27 06:15:00,4280.0,4280.0,4279.316733069862,4278.633466139722,15.0,1.0,15.0,3,"{""recent_bull_sweep"": false, ""recent_bear_sweep"": false, ""vol_spike"": true, ""strong_bull_rej"": true, ""strong_bear_rej"": false, ""htf_bullish"": false, ""htf_bearish"": true, ""discount_zone"": true, ""premium_zone"": false, ""rsi_value"": 58.56, ""rsi_bull_ok"": true, ""rsi_bear_ok"": false, ""trend_strong"": true, ""trend"": -1, ""bull_fvg_count"": 2, ""bear_fvg_count"": 1, ""bull_ob_count"": 0, ""bear_ob_count"": 1}",tp2,4278.633466139722,0.0024,1012.1833
2026-09-27T09:16:35.412589+00:00,open,404,ETHUSDT,ICT/SMC Scalp Pro v2,15m,لندن,long,2026-09-27 09:00:00,2709.15,2698.7511305397074,2724.748304190439,2740.346608380878,150.0,10.0,15.0,3,"{""recent_bull_sweep"": false, ""recent_bear_sweep"": true, ""vol_spike"": true, ""strong_bull_rej"": false, ""strong_bear_rej"": false, ""htf_bullish"": true, ""htf_bearish"": false, ""discount_zone"": false, ""premium_zone"": true, ""rsi_value"": 54.56, ""rsi_bull_ok"": false, ""rsi_bear_ok"": true, ""trend_strong"": true, ""trend"": 1, ""bull_fvg_count"": 6, ""bear_fvg_count"": 1, ""bull_ob_count"": 3, ""bear_ob_count"": 1}",,,,1012.1833
2026-09-27T09:16:37.560181+00:00,open,405,SOLUSDT,ICT/SMC Scalp Pro v2,15m,لندن,long,2026-09-27 09:00:00,123.84,122.7449937272858,125.4825094090713,127.1250188181426,15.0,1.0,15.0,3,"{""recent_bull_sweep"": false, ""recent_bear_sweep"": false, ""vol_spike"": true, ""strong_bull_rej"": false, ""strong_bear_rej"": false, ""htf_bullish"": true, ""htf_bearish"": false, ""discount_zone"": false, ""premium_zone"": true, ""rsi_value"": 71.15, ""rsi_bull_ok"": false, ""rsi_bear_ok"": false, ""trend_strong"": true, ""trend"": 1, ""bull_fvg_count"": 6, ""bear_fvg_count"": 0, ""bull_ob_count"": 2, ""bear_ob_count"": 0}",,,,1012.1833
2026-09-27T10:31:31.209958+00:00,close,390,BTCUSDT,ICT/SMC Scalp Pro v2,15m,,long,2026-09-25 23:15:00,84097.04,84097.04,84573.27189022815,85049.50378045629,15.0,1.0,15.0,,,tp2,85049.50378045629,0.0849,1012.2683
2026-09-27T10:31:33.507614+00:00,close,389,BNBUSDT,ICT/SMC Scalp Pro v2,15m,,short,2026-09-25 16:00:00,774.22,780.5980162801791,764.6529755797314,755.0859511594629,15.0,1.0,15.0,,,sl_full,780.5980162801791,-0.1236,1012.1447
2026-09-27T11:01:53.672558+00:00,open,406,BTCUSDT,ICT/SMC Scalp Pro v2,15m,لندن,long,2026-09-27 10:45:00,84883.0,84650.41609452052,85231.87585821922,85580.75171643843,15.0,1.0,15.0,4,"{""recent_bull_sweep"": false, ""recent_bear_sweep"": true, ""vol_spike"": false, ""strong_bull_rej"": true, ""strong_bear_rej"": false, ""htf_bullish"": true, ""htf_bearish"": false, ""discount_zone"": false, ""premium_zone"": true, ""rsi_value"": 60.33, ""rsi_bull_ok"": true, ""rsi_bear_ok"": false, ""trend_strong"": true, ""trend"": 1, ""bull_fvg_count"": 6, ""bear_fvg_count"": 1, ""bull_ob_count"": 3, ""bear_ob_count"": 1}",,,,1012.1447
2026-09-27T11:16:33.712456+00:00,open,407,DOGEUSDT,ICT/SMC Scalp Pro v2,15m,لندن,long,2026-09-27 11:00:00,0.09778,0.09701865991975353,0.09892201012036972,0.10006402024073943,15.0,1.0,15.0,4,"{""recent_bull_sweep"": false, ""recent_bear_sweep"": false, ""vol_spike"": false, ""strong_bull_rej"": true, ""strong_bear_rej"": false, ""htf_bullish"": true, ""htf_bearish"": false, ""discount_zone"": false, ""premium_zone"": true, ""rsi_value"": 58.32, ""rsi_bull_ok"": true, ""rsi_bear_ok"": false, ""trend_strong"": true, ""trend"": 1, ""bull_fvg_count"": 5, ""bear_fvg_count"": 1, ""bull_ob_count"": 1, ""bear_ob_count"": 0}",,,,1012.1447
2026-09-27T13:01:55.538590+00:00,close,407,DOGEUSDT,ICT/SMC Scalp Pro v2,15m,لندن,long,2026-09-27 11:00:00,0.09778,0.09701865991975353,0.09892201012036972,0.10006402024073943,15.0,1.0,15.0,4,"{""recent_bull_sweep"": false, ""recent_bear_sweep"": false, ""vol_spike"": false, ""strong_bull_rej"": true, ""strong_bear_rej"": false, ""htf_bullish"": true, ""htf_bearish"": false, ""discount_zone"": false, ""premium_zone"": true, ""rsi_value"": 58.32, ""rsi_bull_ok"": true, ""rsi_bear_ok"": false, ""trend_strong"": true, ""trend"": 1, ""bull_fvg_count"": 5, ""bear_fvg_count"": 1, ""bull_ob_count"": 1, ""bear_ob_count"": 0}",tp1_partial,0.09892201012036972,0.0876,1012.2323
2026-09-27T13:16:23.241054+00:00,close,406,BTCUSDT,ICT/SMC Scalp Pro v2,15m,لندن,long,2026-09-27 10:45:00,84883.0,84650.41609452052,85231.87585821922,85580.75171643843,15.0,1.0,15.0,4,"{""recent_bull_sweep"": false, ""recent_bear_sweep"": true, ""vol_spike"": false, ""strong_bull_rej"": true, ""strong_bear_rej"": false, ""htf_bullish"": true, ""htf_bearish"": false, ""discount_zone"": false, ""premium_zone"": true, ""rsi_value"": 60.33, ""rsi_bull_ok"": true, ""rsi_bear_ok"": false, ""trend_strong"": true, ""trend"": 1, ""bull_fvg_count"": 6, ""bear_fvg_count"": 1, ""bull_ob_count"": 3, ""bear_ob_count"": 1}",sl_full,84650.41609452052,-0.0411,1012.1912
2026-09-27T13:16:24.310586+00:00,close,404,ETHUSDT,ICT/SMC Scalp Pro v2,15m,لندن,long,2026-09-27 09:00:00,2709.15,2698.7511305397074,2724.748304190439,2740.346608380878,150.0,10.0,15.0,3,"{""recent_bull_sweep"": false, ""recent_bear_sweep"": true, ""vol_spike"": true, ""strong_bull_rej"": false, ""strong_bear_rej"": false, ""htf_bullish"": true, ""htf_bearish"": false, ""discount_zone"": false, ""premium_zone"": true, ""rsi_value"": 54.56, ""rsi_bull_ok"": false, ""rsi_bear_ok"": true, ""trend_strong"": true, ""trend"": 1, ""bull_fvg_count"": 6, ""bear_fvg_count"": 1, ""bull_ob_count"": 3, ""bear_ob_count"": 1}",sl_full,2698.7511305397074,-0.5758,1011.6154
2026-09-27T13:16:25.318438+00:00,close,405,SOLUSDT,ICT/SMC Scalp Pro v2,15m,لندن,long,2026-09-27 09:00:00,123.84,122.7449937272858,125.4825094090713,127.1250188181426,15.0,1.0,15.0,3,"{""recent_bull_sweep"": false, ""recent_bear_sweep"": false, ""vol_spike"": true, ""strong_bull_rej"": false, ""strong_bear_rej"": false, ""htf_bullish"": true, ""htf_bearish"": false, ""discount_zone"": false, ""premium_zone"": true, ""rsi_value"": 71.15, ""rsi_bull_ok"": false, ""rsi_bear_ok"": false, ""trend_strong"": true, ""trend"": 1, ""bull_fvg_count"": 6, ""bear_fvg_count"": 0, ""bull_ob_count"": 2, ""bear_ob_count"": 0}",sl_full,122.7449937272858,-0.1326,1011.4828
2026-09-27T13:16:27.652915+00:00,close,407,DOGEUSDT,ICT/SMC Scalp Pro v2,15m,لندن,long,2026-09-27 11:00:00,0.09778,0.09778,0.09892201012036972,0.10006402024073943,15.0,1.0,15.0,4,"{""recent_bull_sweep"": false, ""recent_bear_sweep"": false, ""vol_spike"": false, ""strong_bull_rej"": true, ""strong_bear_rej"": false, ""htf_bullish"": true, ""htf_bearish"": false, ""discount_zone"": false, ""premium_zone"": true, ""rsi_value"": 58.32, ""rsi_bull_ok"": true, ""rsi_bear_ok"": false, ""trend_strong"": true, ""trend"": 1, ""bull_fvg_count"": 5, ""bear_fvg_count"": 1, ""bull_ob_count"": 1, ""bear_ob_count"": 0}",sl_be,0.09778,0.0,1011.4828
